time,pos_x,pos_y,yaw,pitch,roll
1642606419.664,0.0,0.0,0.0,0.0,0.0
1642606419.966,2.982039003958706,-0.9393037248554019,0.011341731480292024,-0.11910598410769771,-0.03293077561344876
1642606425.211,3.513446642778509,-1.0144323233173147,-0.11365411277862666,-0.16600297128664038,-0.0351358461638188
1642606426.421,3.973934208522206,-1.2601051199314477,-0.3040897190415587,-0.17390674035093595,0.03460714378821771
1642606427.329,4.452259586265726,-1.4435244662384712,-0.29681950681088887,-0.15741130064107334,0.03401751930813236
1642606428.035,4.968057966799829,-2.2996747868004626,-0.2242409770578692,-0.19422448887169788,-0.021360822051777927
1642606428.64,5.423363292319397,-1.748840418494251,-0.29435153029604394,-0.16303576416722534,0.03842598796835937
1642606429.246,5.9013675835034505,-2.050351304592197,-0.274529905171607,-0.16588615704132537,0.029949920309573982
1642606429.952,6.561536923704965,-2.8326663752656542,-0.18429298328268542,-0.18835262207521103,0.01371133678974622
1642606430.557,6.935414312263236,-2.1223451471582684,-0.1901024750016333,-0.16962391308449393,0.018785300710958484
1642606431.162,7.463204961697821,-2.1144702643086437,-0.10665208141770732,-0.17035378110673643,0.0017348649567655453
1642606431.767,7.958467909750778,-2.0886442175284383,-0.04799474954539885,-0.16917611992165638,-0.010976890226718052
1642606432.372,8.556209356953396,-2.802024624891326,0.03677753418878108,-0.1673543101414543,-0.03478661438358621
1642606433.078,9.054515383962185,-2.7658869118537392,0.073727249712181,-0.17533531534578778,-0.040729682611663806
1642606433.683,9.521604956210671,-2.0558276958088233,-0.018136010659828956,-0.174041818786056,-0.012050484560484104
1642606434.389,10.033022542111656,-2.242767989221524,-0.006574503878190773,-0.17811704964634856,-0.05142858625358288
1642606434.995,10.545536908215404,-2.229493302300458,-0.0062867216637489025,-0.1782885321524715,-0.05141685936169803
1642606435.701,11.127754682750941,-2.017439519627934,-0.006861133561150239,-0.17901153014739762,-0.013578744227391608
1642606436.306,11.640974902690516,-2.000184840623879,-0.008461245738216145,-0.17958439383125022,-0.014316154192041701
1642606437.012,12.174757986056132,-1.985379501158935,-0.010177016944892425,-0.18344167359333555,-0.013829518297815386
1642606437.718,12.732229830428727,-1.9731463276189456,-0.010552160849160209,-0.1852386885306016,-0.013102269718129202
1642606438.323,13.238310034253487,-2.0490845601274605,-0.0014603713370344934,-0.1853931925223345,-0.02041357448510081
1642606439.029,13.795303668119281,-2.030242380590756,-0.0036945868718211905,-0.18861275249764572,-0.018188602789473773
1642606439.735,14.368008209694706,-2.0163256756955406,-0.006711402391430493,-0.18972800760284575,-0.016739044188131637
1642606440.441,14.941541397046635,-1.9934297850049867,-0.009798189106121348,-0.18984236069371566,-0.015808261733525546
1642606441.046,15.435769541413741,-1.98036646933349,-0.013905608956798588,-0.19138883736047807,-0.01467769667279726
1642606441.651,15.95239108391657,-1.9662214000038467,-0.018675728120592993,-0.1910051541396522,-0.01332701565136893
1642606442.357,16.503421379328152,-1.837717955832752,-0.050394015267707044,-0.19307660827776899,-0.03586369495498183
1642606443.063,17.064635885291477,-1.9383469870806318,-0.017695695486969993,-0.1948231385209743,0.02612347148320723
1642606443.769,17.60842481688366,-1.920958263224482,-0.02708849597903333,-0.21680482779373095,0.027347509004107193
1642606444.375,18.10397549612941,-1.9344793789410824,-0.03173674736776426,-0.20090627325374108,-0.005090534598080397
1642606445.081,18.670481895718485,-1.9193555536246707,-0.033503244039074544,-0.2032159270946615,-0.005024301275565542
1642606445.686,19.16301970290419,-1.9348196539431775,-0.03699506458115138,-0.20561516047092368,-0.0020512584022289123
1642606446.291,19.65746978136053,-1.9463468755326971,-0.03672454389809197,-0.2040550341252593,-0.001371279067710612
1642606446.997,20.224255842749965,-1.9526790383197605,-0.04012577227020699,-0.20492628165056512,-0.0009875628102716365
1642606447.602,20.763768993136978,-1.9570458272552547,-0.03945919112869133,-0.20380911896762355,-0.0027734122749793633
1642606448.308,21.271608532640393,-1.9569256899687526,-0.04395815918890902,-0.20700014421237126,-0.00031284151003647644
1642606448.913,21.76982891166278,-1.9757808320874162,-0.044094750146269575,-0.20787744921906534,0.0013395929172499012
1642606449.518,22.261314749767067,-1.9868961381958514,-0.04447867396888026,-0.20945068239711362,0.0023187217968974544
1642606450.124,22.76492529109526,-2.000981041223678,-0.044028945556800855,-0.210670052934156,0.0028691622002881764
1642606450.83,23.314104322585056,-2.020466659113346,-0.045493073288799674,-0.21169158833256704,0.004821032479028004
1642606451.435,23.814307638401793,-2.0372263422138883,-0.04961859910276962,-0.21174641518225867,0.005938422195033207
1642606452.141,24.380058295203373,-2.0506284610981096,-0.04716065620795961,-0.2118310922447139,0.006507375846740301
1642606452.746,24.87111721942571,-2.06107754887569,-0.04752280417898323,-0.21182719871015743,0.006746244089181746
1642606453.452,25.391666847602036,-2.0705000413756136,-0.04517060502622084,-0.21610149462069533,0.0058348900817145714
1642606454.057,25.929454553314184,-2.0899532202794355,-0.04649729027314811,-0.21541014078802534,0.005272208583857647
1642606454.662,26.444288247225618,-2.053562946362719,-0.07200768442726317,-0.2280478917049388,-0.007692801668782036
1642606455.469,27.030515558861303,-2.048416265312746,0.08308666357100496,-0.21926355831531125,-0.022346284255200875
1642606456.074,27.535594970821535,-1.9774033504380935,0.12308255540320628,-0.2380818346136716,-0.030480758410643814
1642606456.78,28.06003364657502,-1.8452967665818112,0.269895465272504,-0.21067757111026977,-0.0540073441203255
1642606457.385,28.541617665554938,-1.594282206774876,0.4355733586964308,-0.19878782399782094,-0.06186451826660372
1642606458.091,28.970747183564487,-1.2932466417657136,0.5463823750373278,-0.1917445044794251,-0.08640999470182861
1642606458.797,29.45182444141369,-1.0307879782174263,0.544197736592254,-0.1691202488773399,-0.10056447531786375
1642606459.403,29.87778513713793,-0.7789274139189635,0.5474818673274289,-0.16854701577978115,-0.10430307726734578
1642606460.109,30.378019874873864,-0.49592249701767904,0.554936511450732,-0.21226479284212493,-0.10534322371947237
1642606460.815,30.82693421866629,-0.196429492643119,0.5566597498626741,-0.18702257609842426,-0.09544924939566471
1642606461.521,31.383028498142416,0.06314018890470435,0.5787322802711818,-0.17910123090477423,-0.07478042872413174
1642606462.227,31.79739720205077,0.396333693192336,0.6322230705554773,-0.21305939551841588,-0.09930511926273038
1642606462.832,32.16576399368303,0.7552625211026521,0.700737338769343,-0.18663400264302882,-0.10504131306956398
1642606463.437,32.49789580406794,1.1241261967063354,0.8057434530894387,-0.19023713124881853,-0.1194836606004027
1642606464.143,32.888617117797715,1.5232145006861466,0.8088431936109275,-0.19241354948594291,-0.11699145051297513
1642606464.849,33.28197642312262,1.9418086152753187,0.8106871106640954,-0.18012142919642354,-0.09540833305736429
1642606465.555,33.62489895988436,2.3921029075615197,0.9131317062852579,-0.1665830380927526,-0.10868614871308495
1642606466.261,33.98063653395049,2.825586876352519,0.9151025351013075,-0.17431077231164602,-0.10855200276197663
1642606466.967,34.33288556687181,3.2655343506986654,0.9195285746675123,-0.17679425547242145,-0.10554518102050069
1642606467.572,34.62145659586037,3.663636711849353,0.9430369311621938,-0.17894800444349834,-0.10404560854231885
1642606468.278,34.936604078495506,4.145504655819473,1.0098242458034452,-0.16932393006058907,-0.1137361943927864
1642606468.984,35.22739643567333,4.603272507057176,1.0092985502376046,-0.17863795015013295,-0.11303079704612502
1642606469.69,35.587227101810825,5.059749295903082,1.0252435254176024,-0.18172105559905113,-0.07455244182432512
1642606470.396,35.82530932045682,5.572369301266857,1.006782369259979,-0.18512152901122614,-0.09938398558040792
1642606471.102,36.10679723909268,6.0715745403568135,1.0032749523672535,-0.19031388024558374,-0.08213126477784502
1642606471.808,36.410320626711275,6.537968382446478,1.000866967834696,-0.1843773448818193,-0.07644091009339167
1642606472.514,36.66781390810521,7.022473530376536,0.9879779272538175,-0.18415382586684068,-0.08197266262862095
1642606473.22,37.014923492146686,7.482247052221307,0.9942922616158756,-0.18009040095321366,-0.0683704610365917
1642606473.926,37.385490510080245,7.918066286729804,1.0229255813377636,-0.19548141724069454,-0.06449807451066014
1642606474.633,37.576086648797265,8.45109149824927,1.0232380073771339,-0.1940423489200733,-0.07335484197936314
1642606475.339,37.833985034774436,8.935911841175392,1.0272147372685299,-0.19220720288724377,-0.0586575854912043
1642606475.944,38.115027583953356,9.365182178402927,1.039321821289861,-0.1859049963051975,-0.08038826391854452
1642606476.65,38.3585871248099,9.852892855753403,1.1258151580977165,-0.1752826870874476,-0.1181245643137799
1642606477.356,38.594617337090895,10.376695789647075,1.123411502902617,-0.17871530527507462,-0.11568330094079711
1642606478.062,38.82351924135426,10.883557655813249,1.1209434351739,-0.1913744613433954,-0.12019642232915467
1642606478.768,39.06734656719486,11.391089817319541,1.1096007945833843,-0.19552589070798557,-0.11820956818998626
1642606479.373,39.27607925277697,11.8435093440641,1.107558229024726,-0.19533586848570267,-0.11719613478150717
1642606480.079,39.522162674412044,12.350920043004406,1.105506454833161,-0.18928844480488705,-0.11658173747784395
1642606480.785,39.76768781696361,12.856596037216583,1.1019551399768595,-0.18877348074812692,-0.1286699302014306
1642606481.491,40.01885532154869,13.356195782524532,1.0973143446075142,-0.18137951855125659,-0.14357352781425095
1642606482.197,40.27101813641273,13.85456114611539,1.0934214956144843,-0.18545629251851484,-0.1423353272370951
1642606482.903,40.52437584915206,14.360472097220693,1.0906364517768028,-0.18362695457429837,-0.14142693674187745
1642606483.609,40.770971730572526,14.854627948783763,1.0905736835359947,-0.18895787475145703,-0.14484194208425544
1642606484.315,41.0348588958256,15.360694884199125,1.0873330057363408,-0.18376419555460533,-0.15910092337738357
1642606485.021,41.29139272870273,15.851197355589909,1.078711476759105,-0.18322286313493164,-0.1644331598101734
1642606485.727,41.55423055261365,16.339856898120672,1.0646110058975968,-0.1934403814189475,-0.16380755731546026
1642606486.332,41.79006719431468,16.772913630251267,1.054030664840415,-0.18078686609026295,-0.1625428625874645
1642606487.038,42.057196180787045,17.267721661703348,1.052803781325967,-0.18534870334730413,-0.16336945466088265
1642606487.744,42.32867627916162,17.766127695641874,1.0491199180730584,-0.18556107080434045,-0.16436359984542223
1642606488.349,42.58227952546657,18.196537826552483,1.034474595344587,-0.18447159638325264,-0.16036281714058576
1642606489.055,42.85943960743117,18.683486359745952,1.035245650205323,-0.1857298951349844,-0.16015535830148428
1642606489.762,43.13775167451896,19.176119601190106,1.0346507976326769,-0.18818882191665484,-0.16172199087295622
1642606490.468,43.41485468215651,19.65074241649615,1.0342467040186702,-0.18880771026315019,-0.1597021290087104
1642606491.174,43.69673889368901,20.14469147571058,1.0330953235905298,-0.189210036009444,-0.1630349063403233
1642606491.88,43.98024968187831,20.630432072134482,1.032249253324699,-0.19441597819119416,-0.17023191142000527
1642606492.586,44.2586220260159,21.119280568875546,1.0323721508081976,-0.19439983600239766,-0.1659140195383559
1642606493.292,44.53358810087283,21.608455979382654,1.030105027782432,-0.18577386845403068,-0.17014260248470336
1642606493.998,44.819801792908194,22.094717445887408,1.0302496254898763,-0.18533454698201868,-0.1742491597988458
1642606494.603,45.06817945388715,22.52068181111736,1.0295900807256644,-0.18217712243963943,-0.17660740174279202
1642606495.309,45.34156929103546,22.999201863665416,1.0280838078930346,-0.1837826720081184,-0.17977540943936873
1642606496.015,45.62734067826259,23.486047727780523,1.028420248432106,-0.18207571602668549,-0.17933931815635057
1642606496.721,45.91471779886722,23.983334155513482,1.02835557863734,-0.18393682709861803,-0.1840794487517027
1642606497.427,46.192200093807955,24.46418187586865,1.0274431215854913,-0.18223582600100915,-0.1854288228981424
1642606498.133,46.47309214330893,24.942928611207247,1.027513071462469,-0.18671324450969307,-0.18936493747103547
1642606498.839,46.755027979423105,25.427738505317684,1.0281164308658244,-0.1873492228982591,-0.1873459680621399
1642606499.545,47.037045200397145,25.915091889731865,1.0185789146519122,-0.18506721264356013,-0.1801913825332091
1642606500.251,47.32595109586333,26.390522648005724,1.0050907292174736,-0.18464845078928438,-0.18038214174857953
1642606500.856,47.59351758348033,26.824113649672466,1.0038570142658412,-0.18654642698378612,-0.180131408195381
1642606501.562,47.89222163044863,27.312481193524576,1.002246584925777,-0.18063986326596998,-0.1805080174906755
1642606502.268,48.18804546349777,27.796303461258073,1.0011251854864345,-0.18221435159526056,-0.18023892743207645
1642606502.974,48.48389918673656,28.272669089369966,0.9987006620392971,-0.170794585187536,-0.17450427257363588
1642606503.68,48.779315546753445,28.75721798395406,1.0014908998309517,-0.18034859802554326,-0.17363897719620663
1642606504.386,49.078727150464296,29.242956412372823,1.0014453645550199,-0.1762383513353548,-0.17193142322184266
1642606505.092,49.36904118207265,29.720640088740126,1.000366844250297,-0.17453936615529597,-0.1723180531713523
1642606505.798,49.664610155850774,30.19613621482839,0.9996549757222157,-0.17713019111224326,-0.173486050811561
1642606506.504,49.967104441501334,30.682300109548674,0.9987883222887589,-0.176594038337265,-0.17050452226018392
1642606507.21,50.25893624621293,31.155815135381733,0.998778100793831,-0.1724097022874985,-0.16582979309323703
1642606507.916,50.55944560183737,31.644296487974987,0.9985064606539272,-0.17177360081658666,-0.16494693742834313
1642606508.622,50.862118832523755,32.13017012642959,0.9987174708662653,-0.17343358583144342,-0.1672335864494388
1642606509.328,51.15654413913916,32.60194311168065,0.9975694059093344,-0.17187927575369794,-0.17237353320125745
1642606510.034,51.45483945622576,33.085057881386845,0.996053121038416,-0.17457338943177061,-0.17377299136805027
1642606510.74,51.75810876973704,33.57521783201831,0.9954536874110302,-0.17247003751983933,-0.16790085424339374
1642606511.446,52.05570944576817,34.05091341954108,0.9967052097278352,-0.17033054114723356,-0.1675124237749296
1642606512.152,52.34861584658114,34.52439378372846,0.9993610721970838,-0.1684461991593964,-0.16392193405725294
1642606512.758,52.6128297175206,34.94747678053326,1.0161427476498455,-0.16581278200173485,-0.16765553868010483
1642606513.464,52.88977875870849,35.4501804694661,1.0240607370894321,-0.1650054230786797,-0.17116611203194604
1642606514.17,53.16616951620601,35.925920540987946,1.0249575523419436,-0.1658782911521359,-0.16891809367767416
1642606514.876,53.452607789053715,36.42257274595453,1.02536658069395,-0.16437035109248133,-0.16777612304171627
1642606515.481,53.70666609890301,36.8569641152677,1.0245240567318867,-0.16441980688960658,-0.16769804869289404
1642606516.187,53.98465538166847,37.32687454206358,1.023124905054671,-0.15643316927116935,-0.17016260138890668
1642606516.792,54.23819018142149,37.76366091930886,1.0233117177788984,-0.16337028103425888,-0.17019181210655343
1642606517.498,54.51504277302599,38.234268040152195,1.024033318413244,-0.16371918099057792,-0.17419055952220544
1642606518.204,54.79035012857273,38.70795129685062,1.0232882305085602,-0.16259356227182092,-0.17597373767498448
1642606518.809,55.05211720639411,39.156324646576145,1.023286675438161,-0.16349189338303835,-0.17757382553829557
1642606519.515,55.329994321217086,39.626524107032516,1.0232489527633195,-0.1653358665200813,-0.18085149964061084
1642606520.221,55.60568370209914,40.10179446656322,1.0229761957997736,-0.16674088217202931,-0.18023722101687592
1642606520.826,55.87574916720287,40.529297246258146,0.9911236894573658,-0.17089544329965373,-0.17514272735111586
1642606521.532,56.168177637858086,40.98846174041979,0.9907748544625083,-0.17485052614007604,-0.1754208386381802
1642606522.238,56.47747115806587,41.47550971489949,0.9895134886675397,-0.17443897416472146,-0.17530490573521376
1642606522.944,56.783972709325695,41.95626105228764,0.9903305852050424,-0.1774927488796849,-0.1736567672736265
1642606523.65,57.08381458067449,42.435289497658246,0.9894586322965074,-0.17037589923528823,-0.17132028741874591
1642606524.356,57.3910394533504,42.92530891474965,0.9912416123764383,-0.17993051259359485,-0.17092387754865007
1642606525.063,57.68340570121647,43.39110760750837,0.9913366792095969,-0.17702383498484492,-0.17104795621286903
1642606525.769,57.97003824909348,43.84770930086427,0.9897788311893987,-0.17832295518622876,-0.1813562958716977
1642606526.374,58.23643595871663,44.27474919720123,0.9884881399500073,-0.17592005405254618,-0.18283392669813747
1642606526.979,58.50095864892128,44.700789692218144,0.9899769819093533,-0.1793484462100622,-0.17734082143197355
1642606527.685,58.81409413294368,45.1915587062335,0.9903763137891946,-0.17359024706007944,-0.17038194976108542
1642606528.391,59.112462620138615,45.66880921921554,0.9925374291000236,-0.17710253962140846,-0.16271731068249945
1642606529.097,59.41348781259254,46.14629066375995,0.9910332423318692,-0.17679402986601508,-0.1625249767651136
1642606529.803,59.70542338257727,46.60550324946378,0.9903243917436914,-0.17807047578141466,-0.16332719876613944
1642606530.408,59.973132815858406,47.03383340325183,0.9921362521172705,-0.18023917730867237,-0.16149090603922509
1642606531.114,60.274556637987004,47.51396771396249,0.9908733216910572,-0.1752021388346154,-0.1592623678119434
1642606531.82,60.57310681808453,47.987884763779725,0.9909553268995036,-0.1772495926622739,-0.16263350338459182
1642606532.526,60.86927940874488,48.459836698120995,0.990827410110883,-0.1788828313820597,-0.16360647298631406
1642606533.232,61.17208723311919,48.92990026369596,0.9895397829833116,-0.17647914077057866,-0.16401800957711912
1642606533.837,61.439509458101426,49.354710915728496,0.9896002308586703,-0.17508073491387496,-0.16516670854494667
1642606534.543,61.740236134929795,49.835637663064865,0.9918471011509709,-0.17770068945749082,-0.16510668750493018
1642606535.249,62.03232156615598,50.2999605959144,0.991895417304069,-0.17802799908387565,-0.16340279391227952
1642606535.955,62.334489175350086,50.775211233658666,0.9903611262184894,-0.17849064544978152,-0.16225336611949545
1642606536.661,62.62972921531296,51.25046402437621,0.9921684611984484,-0.18565497550936821,-0.16080905225669842
1642606537.267,62.915560204515856,51.69767245543241,0.9910169765083854,-0.17994189154222723,-0.16348180332951923
1642606537.973,63.215391238652835,52.17911556414841,0.9915598187901012,-0.18129062962012815,-0.16142442559366374
1642606538.578,63.47929772367012,52.59963785429628,0.9915204904045523,-0.18290421621858485,-0.16333772144804432
1642606539.284,63.78870075606425,53.0791962699536,0.9894841187682684,-0.17899710101352048,-0.163872252872616
1642606539.99,64.09404288818206,53.560155635799035,0.9911190263482874,-0.1783901220346925,-0.16346935725758502
1642606540.696,64.39368647073425,54.03850401383029,0.9916450012116124,-0.17966901686937792,-0.1636896484549234
1642606541.402,64.70039667777665,54.516447452807974,0.9899902597078629,-0.17402574842264648,-0.17025256874747474
1642606542.108,64.99207089192389,55.00173110895238,0.9921313895324427,-0.1830009513551047,-0.15828540410999564
1642606542.814,65.29564065758154,55.478235905865084,0.9900160533234632,-0.18290655705806874,-0.15800256204321875
1642606543.52,65.59239531920524,55.951636368365726,0.9916332504249054,-0.1847817662320186,-0.15591993291089626
1642606544.226,65.89333684544341,56.42988256010409,0.9912299584874319,-0.18421503160749716,-0.16029442908381866
1642606544.932,66.17726699337524,56.89579656761699,0.991846831697521,-0.18859002453890952,-0.15998552521265216
1642606545.537,66.44975753771651,57.323237558805616,0.9905038773935011,-0.18710415489476512,-0.1614601104726699
1642606546.243,66.7488073642184,57.79619418323606,0.990070342556941,-0.19029740462252887,-0.15449351134820843
1642606546.949,67.051424098182,58.27249003975045,0.9920905750782202,-0.1921291871808261,-0.1509309421145455
1642606547.655,67.35360326413563,58.7488188594434,0.9921815312642677,-0.19295498408137962,-0.1497539904634152
1642606548.361,67.66591061399612,59.237117447037974,0.9913446260542252,-0.19440649624699904,-0.14623601448371715
1642606548.966,67.92603725611526,59.65978833386797,0.9901995396951611,-0.1960951600469058,-0.1462782933458541
1642606549.571,68.20047086323802,60.084062392432024,0.9873916932898458,-0.19364253586652513,-0.15034428832684918
1642606550.278,68.51079981702982,60.559485717107876,0.9871921470325553,-0.1945761742368561,-0.15013079791730638
1642606550.984,68.81915767788277,61.03447537415852,0.9879706299905066,-0.19499725560786724,-0.1483919445379247
1642606551.589,69.09807285135459,61.46355167342839,0.9873593191988375,-0.19689787356314223,-0.14618844116697505
1642606552.194,69.36801563232596,61.876955633530706,0.9862844110846749,-0.19907516471308434,-0.13888829470043623
1642606552.9,69.67648437315097,62.354306233491094,0.9864396978580222,-0.20019336716768937,-0.14093117826281623
1642606553.606,69.98737912901407,62.83494168642048,0.986463097780822,-0.2013948393885873,-0.13831698515244445
1642606554.312,70.29885456301265,63.3119243798657,0.9859631939135092,-0.20289317421872777,-0.13928140543536918
1642606554.917,70.56631460914672,63.72654454784394,0.9829437674194818,-0.20395323993191403,-0.1402208371092942
1642606555.623,70.87329020027731,64.19864929524714,0.9840363841586168,-0.20694489472337432,-0.1361987560168707
1642606556.228,71.14386039913839,64.61432815129697,0.9841472321215209,-0.20808311940118693,-0.1360124020112666
1642606556.934,71.44991598819598,65.08221313169274,0.9855440726798402,-0.2106976619634665,-0.135305366036043
1642606557.539,71.73481249963179,65.51328209353657,0.982658109409642,-0.2117657619532672,-0.1377208997794742
1642606558.245,72.0493124862469,65.9826530422286,0.9839259061159764,-0.21495515900292075,-0.13577487518237505
1642606558.951,72.35633324356006,66.45103396188672,0.9830215835368977,-0.21690013669308866,-0.13592371224268263
1642606559.657,72.66384073826072,66.91617860272461,0.984117767548012,-0.218598148713639,-0.1348570170371101
1642606560.263,72.93766207794528,67.33222572037747,0.9835692892406979,-0.22031332803294176,-0.135360515856306
1642606560.868,73.20496334242195,67.75124695678079,0.981418943359653,-0.22301136327894483,-0.13508331602760085
1642606561.574,73.51349931035877,68.22167975378706,0.9811543412932853,-0.2260564180110116,-0.13399023111303376
1642606562.179,73.80965361030516,68.6476482545969,0.9813680678678108,-0.22825401515724195,-0.13322523355996524
1642606562.885,74.0963700645563,69.09308823252704,0.9810567428121204,-0.23258072060557253,-0.13035231778254308
1642606563.49,74.38719460063044,69.52057454617224,0.9805003506769686,-0.23256357198308922,-0.1305373332278539
1642606564.196,74.69269066237354,69.9808741926493,0.9785928003379247,-0.23400662749254186,-0.12549071139801055
1642606564.902,74.97413847758985,70.4515593451713,0.9784902614476026,-0.22021233831967832,-0.10264921839997174
1642606565.608,75.28423885964328,70.9252296716961,0.9777019738492698,-0.22089539239745404,-0.1070244450680904
1642606566.213,75.52947782554217,71.35067856286626,1.0238310191334825,-0.20634803467062257,-0.13341714791586515
1642606566.919,75.80588567675863,71.80095006461504,1.0248400306542054,-0.21095499283960806,-0.13307668767751757
1642606567.625,76.09393865228476,72.28974727706637,1.0254785814282728,-0.21438862588070998,-0.13350748222641934
1642606568.331,76.3838764267069,72.77369316221443,1.0265035874718103,-0.21746483679268563,-0.13260877405649937
1642606569.037,76.66437755696012,73.2481097976075,1.025344392098068,-0.22143124520619978,-0.13226777423630942
1642606569.643,76.92242094806127,73.6872665465204,1.0232149440776601,-0.22029783786364993,-0.13386081691887955
1642606570.349,77.2178919212333,74.17313078958523,1.0161621556725569,-0.22536905627931933,-0.12904290178021602
1642606571.055,77.51117849277969,74.66265017489171,1.0151922462246437,-0.22808240677931718,-0.12962206380739938
1642606571.761,77.8140612879037,75.14925664835226,1.0157093001276212,-0.229698258437942,-0.13047412971284944
1642606572.467,78.09768594854974,75.62184566817785,1.0140197761196057,-0.23338589463984943,-0.1315068406512725
1642606573.072,78.35687454559788,76.04016281705312,1.0116224047785027,-0.23057134372645477,-0.1357367669596698
1642606573.677,78.62330849806132,76.45899406876704,1.0113496859596167,-0.22885856197718385,-0.1369425673641834
1642606574.282,78.88756736130482,76.87839717780545,1.0108422251087723,-0.22822847527168597,-0.13868783249560698
1642606574.988,79.17699144962776,77.35681339224853,1.0099420375484525,-0.22796925624965927,-0.1412725022183235
1642606575.593,79.43120769075502,77.77239560535749,1.007003419051356,-0.2278581449211581,-0.143533744502215
1642606576.199,79.68381616117018,78.188114436428,1.0091500736132752,-0.22822443366884534,-0.1438497773711579
1642606576.905,79.97862913185314,78.65844337933044,1.0085599197653474,-0.23039402212464138,-0.14485819740810657
1642606577.611,80.26108583493686,79.13500089844442,1.0075704972678299,-0.23448625981523494,-0.14359760772215832
1642606578.216,80.52496666829867,79.55498014264997,1.0065751254060977,-0.2325210523075556,-0.14480681622374886
1642606578.922,80.81506931673876,80.02407651568076,1.00678807160456,-0.23563672035952404,-0.1439636130304278
1642606579.527,81.07500977099618,80.44334108475402,1.0052441349981278,-0.23360438151553636,-0.14559920736997412
1642606580.233,81.37013293739517,80.91837345027028,1.004902840317549,-0.2329001580394088,-0.1449171503992831
1642606580.939,81.66786111565283,81.38639388123036,1.0042641776734629,-0.23887374357213065,-0.14179222869678249
1642606581.645,81.97060166960428,81.8576273322094,1.00297296485298,-0.23954679898129327,-0.1383686031793266
1642606582.25,82.23574663608986,82.27810570014694,1.003563685351876,-0.2337608259012091,-0.13591242560113745
1642606582.956,82.52201154608547,82.74386013463274,1.0025809833423127,-0.23333553162723822,-0.13545660415567048
1642606583.662,82.8112558761664,83.21907596528739,1.0002462728821642,-0.2429317911846233,-0.13700690395793025
1642606584.267,83.08129591703309,83.63459572137437,0.9990986240821073,-0.23488759868487882,-0.13087752659724836
1642606584.973,83.37107768591638,84.10301547661292,0.999067234419165,-0.2377003904396328,-0.1291074275841903
1642606585.679,83.66764500096285,84.57857294020349,0.9989183147948327,-0.24112862038943006,-0.13006585841215024
1642606586.385,83.96255559073563,85.04966217671966,0.9974911539059662,-0.24934767004744585,-0.13149168157783442
1642606586.991,84.2223165858467,85.47228951705658,0.9938109445519399,-0.23919594864432725,-0.1303413049305395
1642606587.697,84.51901719574508,85.93395436749128,0.9924440897626778,-0.24351016283659047,-0.12950021740211046
1642606588.302,84.80308043170885,86.37028103488777,0.9941490431548796,-0.2354504702799176,-0.12675456649450267
1642606589.008,85.09875171624702,86.82890535311056,0.9937673088251837,-0.2403752587067551,-0.12393667096648255
1642606589.613,85.36162818535308,87.2654251863062,0.9962633884652529,-0.23292695665424962,-0.12436757766936853
1642606590.319,85.59707979867787,87.73935403767953,1.0796486666390883,-0.20445077963316047,-0.14544644365431425
1642606591.025,85.86264270139401,88.2424489150294,1.0859097508062832,-0.2314053937605325,-0.14161300264475726
1642606591.731,86.10597838758247,88.71582581339541,1.0860557422868469,-0.22983810728129503,-0.13569804880214256
1642606592.336,86.33454642916148,89.15217661089098,1.0851346319879112,-0.23748204580324175,-0.13826963325886332
1642606592.941,86.55857493459392,89.59130615900781,1.0824054298303214,-0.23338463233892712,-0.13752961197150085
1642606593.546,86.7924740689917,90.03579501232132,1.0812607634389872,-0.22371350618162542,-0.13192720268921168
1642606594.252,87.044237389298,90.51506068901519,1.0820235718630067,-0.22712217277890243,-0.12564174584934906
1642606594.959,87.30037365431541,91.00778217967479,1.083328774107629,-0.2303266065086342,-0.12195603659343597
1642606595.665,87.5546826509613,91.50618055359571,1.077278213171797,-0.23713861817831394,-0.12858538972095088
1642606596.371,87.84091668059493,91.99738519538161,1.0493030241654218,-0.23999870269740045,-0.12232795226744024
1642606596.976,88.07983885028041,92.41933208158146,1.0486403163561175,-0.2410261484419503,-0.11749074659711313
1642606597.581,88.32727635838775,92.85582242139049,1.048008765074015,-0.2349730968485402,-0.11469333703399054
1642606598.287,88.61156598970224,93.33284887785419,1.0263011117923753,-0.23741811317311587,-0.11009719121456786
1642606598.892,88.86124284718404,93.75623710257727,1.0244352955345635,-0.237329139181196,-0.10901856249644812
1642606599.598,89.1383898440765,94.22187882267337,1.0245491620403682,-0.24058667023341762,-0.11051523125173468
1642606600.304,89.43327914578701,94.71622576546307,1.0245864858452038,-0.23524537298766515,-0.11511355109404411
1642606601.01,89.70865197232222,95.19215009583463,1.024055603127333,-0.2409610919342249,-0.11660547855600294
1642606601.716,89.99696873961392,95.66859818141629,1.0228272583237197,-0.24245036130628786,-0.11523064286356537
1642606602.422,90.2921781164954,96.14755107599619,1.0202278840301329,-0.2399900863009715,-0.11141487045957936
1642606603.128,90.57716705028878,96.60677382648574,1.0207669678406663,-0.24564954745015533,-0.10653396283872599
1642606603.834,90.85693888727053,97.09282500956809,1.0166469949789394,-0.23793505141102522,-0.11912910193085492
1642606604.54,91.15200942900184,97.57841299719654,1.016717072856125,-0.2381386160353942,-0.11991192699239661
1642606605.246,91.45467936539944,98.06219595326492,1.0145473477668272,-0.24011159736630308,-0.11662007999803971
1642606605.952,91.74113704228385,98.53812205581794,1.013853159453517,-0.24133988438347073,-0.11545170405217096
1642606606.557,91.99665590314976,98.962858073912,1.0128321415119528,-0.2388520301167085,-0.11643599325032086
1642606607.263,92.31080439064337,99.41683370025345,0.9687803143618601,-0.22639424955395046,-0.13525216702020004
1642606607.969,92.63382883859335,99.88345262357386,0.9218332795332669,-0.24896367093841623,-0.10177085261481875
1642606608.575,93.01781012783216,100.23504226594243,0.8133246356254895,-0.28301668002501873,-0.08181949460811361
1642606609.281,93.45575333488505,100.58673979433,0.6831927544027959,-0.2639166212385069,-0.033579621409172235
1642606609.987,93.89497228033375,100.8930877894272,0.6203224081099632,-0.2384456612247876,0.00882521885111821
1642606610.693,94.37588573417294,101.17942800638363,0.5341230654774415,-0.24531429151566406,0.03347268493891554
1642606611.298,94.82798815314376,101.37806529907937,0.45819938102636454,-0.23320595039483671,0.06323888065137595
1642606612.004,95.34948853966762,101.58381194037831,0.3733116393116788,-0.180813161554712,0.13057255069122614
1642606612.609,95.8205597161701,101.75583376937753,0.3407238232764558,-0.18104220118077974,0.14069717487876363
1642606613.315,96.35482409400792,101.94202156699853,0.3259659904277859,-0.20882850985929685,0.12395842233095475
1642606614.021,96.89199310094912,102.10955567627441,0.3191661889087937,-0.20958135244793027,0.1215346247203752
1642606614.626,97.36185462772255,102.26729572473685,0.3251598541041014,-0.2009023042045904,0.13798588261469194
1642606615.332,97.8983316942121,102.4347804289808,0.3228431682789577,-0.1820260676527482,0.1516108973727756
1642606615.937,98.36789003918238,102.58512623371804,0.3215297236840942,-0.18311186924357023,0.1519272584191626
1642606616.543,98.84277352111393,102.74406686029988,0.3155536088173303,-0.1972681760697821,0.16487246837401515
1642606617.148,99.3288449095901,102.89323469648909,0.31495709989696274,-0.18035246626451176,0.15420464288858532
1642606617.753,99.80582901240696,103.04908708358576,0.28758801681863405,-0.1770015732873713,0.16586078833894138
1642606618.459,100.34798844321041,103.1854877138186,0.26560718204430245,-0.1759672752887825,0.1714643879490274
1642606619.064,100.85086824404422,103.31788466729917,0.2643186362202234,-0.16830640828447635,0.1739527954386021
1642606619.77,101.39958267441096,103.46995357259894,0.2611841221945635,-0.17171315303054857,0.17636552647693315
1642606620.476,101.95573668191369,103.62377203784368,0.2542323229148534,-0.17503723898288737,0.1624146085941068
1642606621.182,102.50712265652214,103.7569682023879,0.24457822958960715,-0.2044968085192926,0.1481242454374864
1642606621.888,103.05047750700747,103.9016092874862,0.24236883317770636,-0.2214273417489021,0.17088775273410114
1642606622.493,103.53241235992189,104.0067989960908,0.2406228054049134,-0.21487832643464258,0.17837787281548498
1642606623.199,104.07549227947653,104.14660039150135,0.24458692395359632,-0.20200752301625324,0.19301694700768132
1642606623.804,104.56804330243509,104.26040092314628,0.2315050508309664,-0.19497957161200932,0.19046862935793138
1642606624.611,105.18074615938271,104.34123181504842,0.147315567895373,-0.17112606424933755,0.19238272380703322
1642606625.216,105.6842853850301,104.37945174012822,0.06583454867092821,-0.16921726190279557,0.21206266227173087
1642606625.822,106.1826325043289,104.36013798894507,-0.005393007345271479,-0.1483986939061435,0.23247116795048137
1642606626.629,106.86718346000282,104.33717964146047,-0.036700310241312706,-0.1439411128067393,0.2309296024346785
1642606627.234,107.36361479787168,104.32054405137177,-0.0399468732277345,-0.14447922979930278,0.22983506131917364
1642606627.839,107.85986414174444,104.29096225213071,-0.040569229241654216,-0.14729125378194757,0.23479187557774384
1642606628.545,108.39630580028127,104.27089861275616,-0.09453359133475324,-0.15760868617920248,0.24027894305686015
1642606629.15,108.93959540223427,104.16888970655533,-0.14716995082388692,-0.13048714755409463,0.2464160397720732
1642606629.755,109.43993296854207,104.10385722791274,-0.17160468750237934,-0.1304909405125622,0.24992859482991825
1642606630.36,109.94911077778166,103.9426782071686,-0.26606028990863684,-0.10063413294290005,0.2590168065938443
1642606631.066,110.49704644857042,103.77028981908188,-0.30297180785008365,-0.08713458112568781,0.2614572230699662
1642606631.672,110.98992993252286,103.58882110349536,-0.36206225326688574,-0.07764565279760673,0.26493457699501677
1642606632.378,111.52208724362868,103.37251158180023,-0.3852078920514462,-0.056852240786056135,0.26104208043063115
1642606633.084,112.04669014761703,103.10461613965784,-0.46284610683268873,-0.044408153663405774,0.26796904580629083
1642606633.79,112.54290504381503,102.81225878472326,-0.5438788706331098,-0.018283467198265846,0.2668451893077324
1642606634.496,113.02412047477617,102.47649798969279,-0.6297056345854647,-0.02027566719015169,0.27636924937893576
1642606635.202,113.47734922607548,102.131235499334,-0.6314421793404291,-0.016758983331398067,0.28013095179178726
1642606635.807,113.88379929505581,101.8162922298292,-0.6299462536038916,-0.01629254822705386,0.28429843636563923
1642606636.513,114.32756046041851,101.46200438623588,-0.6818869317128624,-0.005023525117483544,0.28536106281952467
1642606637.118,114.71669262937183,101.12485453840317,-0.6966774873104816,-0.0017496633880276198,0.2900921636679289
1642606637.824,115.17294709299716,100.77499822960895,-0.7164952652666984,0.0018015946609267336,0.3189592890237509
1642606638.429,115.53024493814912,100.40370401783008,-0.7670914356282433,0.011644728475965883,0.3274705587526119
1642606639.034,115.90065316225824,100.0541395504718,-0.7705623002228237,0.014150694468838935,0.33251319143160984
1642606639.74,116.30999204337192,99.6465344674192,-0.772918736586841,0.013034796529348823,0.33807535149979806
1642606640.345,116.68121264007038,99.29832933978759,-0.7720196097893932,0.011952838184434628,0.34499481094962736
1642606640.951,117.0474242215154,98.9541871714831,-0.7745628361133531,0.01516569456866721,0.34659796154460987
1642606641.657,117.4581180542244,98.54282979506958,-0.7775284838078207,0.012508280712538561,0.34581966592784974
1642606642.262,117.82707805921258,98.18719377615884,-0.7796950519701261,0.01714961005741636,0.3468836806776705
1642606642.968,118.23472930799059,97.77252022061552,-0.7842161334091,0.00906639374083901,0.34884743990508654
1642606643.573,118.59407307922596,97.39865291680628,-0.8071155724782113,0.02738940553059139,0.35894561601823766
1642606644.279,118.9721072036958,96.97418686686447,-0.8316189326829156,0.02908236104565065,0.3680534285388609
1642606644.884,119.30541651789548,96.5910691033821,-0.8425114756210941,0.012862716691504673,0.3664089521384726
1642606645.59,119.65756817016427,96.14203107148816,-0.8976095322093479,0.03283114450126391,0.3667098870580273
1642606646.195,119.97787099534878,95.74296858001726,-0.9020008505502966,0.026385648620547215,0.3709478144725165
1642606646.901,120.33298258181823,95.294778163309,-0.8974299622641986,0.0426488263202593,0.37752158751238496
1642606647.507,120.6485753154554,94.89455161533022,-0.9008114522109091,0.03975912583023407,0.38011098457966874
1642606648.213,120.99893248276699,94.44801975275163,-0.9034169247020511,0.03751633374565137,0.3847391839060052
1642606648.818,121.30698527059492,94.05368564819688,-0.9055612252192111,0.03746539527642735,0.3884331471729664
1642606649.423,121.62302158227185,93.65978226653415,-0.9076486806330203,0.040968486412764626,0.39317946006843774
1642606650.129,121.95670592398261,93.21040385372778,-0.911176109796036,0.03082826236088494,0.40214761455717135
1642606650.734,122.26842603471381,92.81275396669449,-0.9109415546744057,0.0346735772836463,0.41155821514102914
1642606651.339,122.57766103532245,92.41257469071594,-0.912698499576542,0.03743703798873141,0.41053605969721796
1642606651.944,122.88987287604094,92.01447650039023,-0.9130975255261083,0.03996290581627561,0.4101548252642397
1642606652.55,123.19290848925576,91.61319756015254,-0.9183965369490069,0.03655807171563916,0.4110715908906017
1642606653.155,123.4987213671953,91.20392487268343,-0.9197378216087104,0.03939090128489173,0.4177180476968827
1642606653.76,123.8156592622385,90.81397915227183,-0.8825252577940397,0.024423999841752086,0.42625910452112825
1642606654.365,124.15348296722516,90.42879575462234,-0.8565397005552174,0.007705057033048414,0.4196004372452937
1642606655.071,124.53483581160629,89.98286448364415,-0.8581837653660617,0.0061723560339635355,0.4196963646849127
1642606655.676,124.88210122109838,89.57350066119072,-0.8625693220240616,0.00926818969593263,0.41224419140228047
1642606656.281,125.19410261972872,89.13980776066535,-0.9447145971142815,0.04642134671152813,0.4065680574783442
1642606656.987,125.51954005320191,88.66816325155861,-0.952097118324721,0.04384650264707593,0.41428758546867084
1642606657.593,125.81351626162791,88.25893167338144,-0.9523167815341962,0.044432515887107546,0.417642315562692
1642606658.299,126.14003371760586,87.7921042583656,-0.9542492041224021,0.04392652904812858,0.4299605120516991
1642606658.904,126.47017505988582,87.37934299104836,-0.8970100677177577,0.020578955724149677,0.4381348118334446
1642606659.61,126.82249365216144,86.93524889295786,-0.8900675344696733,0.022532072589616835,0.45166878222000495
1642606660.316,127.17087829444117,86.48633777026404,-0.8969302538946557,0.017280271858540888,0.4549180417042697
1642606661.022,127.520896033391,86.03560808043888,-0.9083393316869826,0.010813391564469038,0.457288605098122
1642606661.728,127.8568992539356,85.58311117081135,-0.927174334913662,0.02215470030092704,0.44226536745791867
1642606662.333,128.1533667277242,85.13939813568875,-0.9510915591572104,0.035027771298793677,0.4321120572949247
1642606663.039,128.4684643029899,84.69597536549118,-0.9542799618734771,0.03238784424930689,0.4330715899540486
1642606663.644,128.76214558370125,84.25663534009054,-0.9610883322253293,0.04427176641067077,0.41642353721302044
1642606664.35,129.08112321670492,83.77318572600336,-0.9810562995670298,0.03674897160007053,0.40253316831020175
1642606664.955,129.34850382763133,83.34495552682594,-0.9945439279287952,0.048017069230211415,0.38821770000769046
1642606665.661,129.63353384170333,82.86088818849632,-1.0233475545200004,0.08523859919044184,0.3664267852865835
1642606666.267,129.83071188406495,82.35260191741011,-1.212338266480433,0.15041600393923976,0.32392025860288154
1642606666.973,129.99646795082646,81.83672213228118,-1.2362361715442993,0.13531473733023622,0.3027148080594711
1642606667.578,130.17786520003585,81.36002439086081,-1.2420168490616452,0.1306117372158492,0.29687437134161165
1642606668.183,130.34682793877153,80.86902329254495,-1.2466739696135454,0.11472811063153214,0.2925624754109865
1642606668.788,130.5013765283474,80.39164634846064,-1.2523307291113,0.080062517633587,0.30404608466857325
1642606669.494,130.66256668038773,79.84534348524645,-1.3118992945046613,0.0977154510610816,0.3052127804256186
1642606670.099,130.75511067294255,79.32387012091766,-1.3940807263902744,0.12561230924431616,0.29534986481677145
1642606670.805,130.8120940281048,78.81109831244092,-1.4591589567375072,0.12491608495442494,0.30107701089078825
1642606671.41,130.82362244311375,78.30536357343976,-1.5536311728547503,0.15162296357494048,0.3030308968150131
1642606672.116,130.78739415794007,77.77039166806053,-1.6232981040857677,0.20208051228668777,0.30855189863369903
1642606672.722,130.75943039937647,77.25300814921663,-1.6402677126965448,0.20847028365469855,0.3066364487660861
1642606673.327,130.67707365915678,76.75259447312902,-1.7203869242142154,0.2343270112358076,0.28751182767477124
1642606674.033,130.45499715553345,76.23575313508196,-1.968563537374808,0.29457203543746097,0.21977299519752197
1642606674.739,130.22588444587416,75.72910939089753,-1.997337229903145,0.32684114281905424,0.2069968148902888
1642606675.344,130.02802272847407,75.29595357400913,-2.0057342456521168,0.32863252504892937,0.2057859252591216
1642606675.949,129.80524932784468,74.86159083980219,-2.039097851277422,0.3316661325278277,0.19254106060775653
1642606676.554,129.57515547452408,74.4374879263004,-2.0828583398756817,0.33728640967446233,0.1773756055298254
1642606677.159,129.34123619315818,74.00659237259488,-2.082048347004881,0.3372845683302957,0.17743317858093083
1642606677.865,129.08239912948426,73.50376137967784,-2.0933192660016116,0.33204693889981124,0.17385502687809454
1642606678.571,128.79870882844008,73.06214529563121,-2.1103699656588155,0.33110567479933894,0.16846506136597855
1642606679.177,128.55069267472405,72.64406671352275,-2.115202998258225,0.33020913381049133,0.16854672426613734
1642606679.782,128.30073970124056,72.23475806511064,-2.113347862169182,0.32958104103860075,0.16910648406398265
1642606680.387,128.0535946701643,71.8247130462545,-2.115070768889855,0.33814826902420214,0.16238647773405096
1642606681.093,127.77582007799143,71.34912616662918,-2.1153348089189032,0.33762419104303865,0.16231966683409088
1642606681.799,127.49890840299938,70.87454887905064,-2.117634625088956,0.33259153952542647,0.1599850156543146
1642606682.505,127.20322726055183,70.40572892149646,-2.1158569940513434,0.33029490578974285,0.1694573093024661
1642606683.211,126.94812957061978,69.93732807080937,-2.1100934640034272,0.34624613910705565,0.18612059645546408
1642606683.816,126.69995361334644,69.52339105538127,-2.1137754166937404,0.3349109140104655,0.18051006661407232
1642606684.522,126.42066696267118,69.05849341691733,-2.1157889189559076,0.3365460306587012,0.18365720027309845
1642606685.127,126.16516674929312,68.64053427839637,-2.1151926901171834,0.3366334336154319,0.19211043254083646
1642606685.833,125.88073915094293,68.16800347131708,-2.1154552822504673,0.33242169211678624,0.20073506509097977
1642606686.539,125.59304231864915,67.68276772036835,-2.1095053132658044,0.33179661490432355,0.20696665086970642
1642606687.245,125.33993007042656,67.19324579650917,-2.0654275115200833,0.3179908231120904,0.22035936469547382
1642606687.851,125.11265382943677,66.77031413304098,-2.0667760194288958,0.32048432143934724,0.21995002455672566
1642606688.557,124.8648540030451,66.30022064689494,-2.062777396446144,0.3418718142851206,0.2236113704339034
1642606689.263,124.60091368151109,65.82847636323436,-2.074271526609184,0.2991407288846953,0.21415082931861398
1642606689.868,124.36846596028926,65.39887266657068,-2.0715080217911472,0.3215304853439978,0.21061856864640688
1642606690.574,124.115995541201,64.92718176715744,-2.0700532768952864,0.33842139325426823,0.20583913804081475
1642606691.179,123.8859360700079,64.49746974389795,-2.069702254959745,0.3427255765973256,0.2175629342050767
1642606691.784,123.65684193974916,64.07889088655189,-2.0724459776662214,0.3382189300968353,0.2128722941463816
1642606692.389,123.42329935781463,63.66184578974548,-2.0755940634434435,0.3365500030215843,0.2138420843338403
1642606692.994,123.19074863722052,63.230901716614945,-2.0728664819713263,0.34850887988594453,0.2282445253988178
1642606693.6,122.95939450197517,62.81145688606559,-2.0775912815580466,0.3394386139980142,0.22059344852415905
1642606694.306,122.7015118226555,62.34714167836704,-2.083594601179896,0.3331602323370986,0.20598795625224356
1642606695.012,122.43071340620028,61.86320532731952,-2.0865886339223363,0.32982292197800905,0.19624671870002153
1642606695.718,122.15794389352396,61.37810928893199,-2.090222677646475,0.32945687973565047,0.1927959795828238
1642606696.424,121.87622958546679,60.89045938329777,-2.0916905841303675,0.3271429073227185,0.19023745318490493
1642606697.13,121.61419399738865,60.42265978476477,-2.086980432213892,0.35421588119888786,0.17682225949802183
1642606697.836,121.34474560281619,59.946044971716105,-2.0977942958644133,0.33885834046645186,0.14334383201737702
1642606698.542,121.08311156069828,59.46128618164221,-2.080458855061001,0.3275341655428991,0.2096572583415003
1642606699.248,120.81175645905515,58.98511232096776,-2.0805535498015835,0.33954687736500516,0.20394956331149572
1642606699.954,120.54769299300776,58.506320628222824,-2.087455263273769,0.33282374920340557,0.18342090193613703
1642606700.559,120.31096313643009,58.08670478432328,-2.088576259898238,0.32063965018826235,0.1847640083857836
1642606701.265,120.04557844389366,57.60465607753204,-2.0844274871723902,0.3506822024829907,0.18019205397265542
1642606701.971,119.75768984938387,57.11433399511358,-2.093558260097447,0.312559033075691,0.1685387435371753
1642606702.576,119.5287731364529,56.69406568206127,-2.096451624731309,0.3237221805132635,0.16913974693285586
1642606703.282,119.2468411152628,56.20215516490422,-2.097346220457805,0.33730667124767083,0.15759651995476945
1642606703.887,119.0066663020784,55.78298915642018,-2.0974530408588103,0.33071361734082727,0.1524957560011416
1642606704.593,118.72468750520792,55.28954722634894,-2.102532745102063,0.3142673448267611,0.15620557018972844
1642606705.299,118.45138553388612,54.81785107421148,-2.103928767497268,0.3045200154851879,0.15801255259091823
1642606705.905,118.21844767567653,54.39902283418103,-2.0947807590606526,0.2938797344185559,0.16840121091556642
1642606706.51,117.98036496175787,53.964325351261586,-2.0847332564504217,0.3123284836839135,0.1929716877124644
1642606707.216,117.7394098189751,53.46652474205966,-2.037701125615319,0.26526960546638706,0.2021465277080191
1642606707.922,117.47942221118036,52.98607840612573,-2.0719303440547256,0.25086328178703476,0.1740904164301036
1642606708.628,117.2122740238848,52.483768895942966,-2.0727671937239314,0.23506383658578547,0.18719054136881116
1642606709.334,116.94701118352947,51.996194410575725,-2.0759365050347856,0.23141795705187523,0.18631799910345706
1642606710.04,116.67993973602091,51.50302656922035,-2.0732191212029165,0.23657401533599592,0.19366819650491865
1642606710.746,116.41978847639861,51.00617913083877,-2.0724362912437093,0.23696616691846376,0.18956318960110938
1642606711.351,116.18302068645475,50.5653654041877,-2.074963026247315,0.23477206802238315,0.18280847681430945
1642606712.057,115.91841027817132,50.07927372547373,-2.07370615286659,0.24823809087696558,0.17812607758694124
1642606712.662,115.68713011282131,49.646679384666484,-2.076418613430515,0.23803952827939226,0.17836302659886444
1642606713.368,115.42172550111577,49.154252365062504,-2.0754456872183553,0.24097733779011538,0.1843275084695321
1642606714.074,115.1561982193108,48.65784568202415,-2.078954125861748,0.2381483987358716,0.17771822384748995
1642606714.78,114.8831496895963,48.1566025724678,-2.0812959295952855,0.23647911880058242,0.17796928071998927
1642606715.385,114.65009879192995,47.7255975117051,-2.079590324003122,0.23980152198156246,0.18680408237614834
1642606716.091,114.3786263695087,47.23283887650439,-2.0806046292482665,0.23430370737247083,0.1857159640322545
1642606716.797,114.10470297651807,46.73679601707241,-2.0832321081365133,0.22847747274273753,0.17972904714016597
1642606717.503,113.83157319251758,46.252264424236685,-2.08288874547214,0.22875475902064135,0.18067566283864786
1642606718.109,113.59540639322537,45.809836712662246,-2.085372894094488,0.23322234029170708,0.17916417605866172
1642606718.815,113.32554172477771,45.324664984753404,-2.0863961976696115,0.23479523291961665,0.1698771136748238
1642606719.521,113.05510976113325,44.84715949766683,-2.0868283870254682,0.22802502398767302,0.17051715918563737
1642606720.327,112.73834878265865,44.2747500481,-2.085778980297401,0.22850889711116323,0.18379478935908533
1642606721.034,112.47489540799643,43.79405720428925,-2.085932113853374,0.22884547623611842,0.18796004449814588
1642606721.74,112.1977713874164,43.296900621845694,-2.0883617407267203,0.22465589177566814,0.18630636895989458
1642606722.446,111.92710589269103,42.81337946714235,-2.0908747254154405,0.227271448904808,0.18493104425373813
1642606723.152,111.64367362661503,42.31100870675544,-2.090103020572647,0.2419093165463111,0.1837474369598493
1642606723.858,111.38392662615462,41.83478360038034,-2.0832123877040374,0.2599683934697815,0.19771165660435644
1642606724.564,111.10771548422365,41.33138333071777,-2.089853665276578,0.2494628301186492,0.1921341132801105
1642606725.27,110.8284135912136,40.85107993601208,-2.0969331182684345,0.23875458139751826,0.16769681798165162
1642606725.976,110.55082700922085,40.357587368203355,-2.0962786987989666,0.22952677275702335,0.1689937679696363
1642606726.682,110.2798965569228,39.85662554711397,-2.0922411605253,0.23543140011624486,0.18223753410485208
1642606727.388,110.00573692662778,39.3712812934875,-2.0903784354881525,0.2473784666108805,0.18557541499851146
1642606727.993,109.76511360627522,38.94295006771283,-2.0903499542546196,0.2536099902858557,0.18555046651924925
1642606728.699,109.48865806417393,38.448723199072305,-2.0925664840521603,0.24214806952385756,0.18231674790831237
1642606729.304,109.24186081665057,38.01859983219782,-2.0949463938762305,0.23639132656933864,0.18355023052702404
1642606730.01,108.95965071388831,37.52024388881426,-2.095474350318148,0.2385004907729208,0.18444594387720822
1642606730.716,108.69952534451751,37.04167984189259,-2.0933398775933054,0.2639466580423854,0.17393808894795357
1642606731.321,108.45328764080132,36.61237538943569,-2.095663157369493,0.2623756255963528,0.17890110397866035
1642606732.027,108.17492352108884,36.123111584631026,-2.0955258162119073,0.25969571333074426,0.18301167275090086
1642606732.632,107.9311453914777,35.69916908762536,-2.0983717101610795,0.25518786012642525,0.18785100129068003
1642606733.338,107.66170847733994,35.223680944726354,-2.098581648774077,0.25079312284199357,0.19225089632452558
1642606734.044,107.38221808392524,34.745465756227844,-2.0999170650770216,0.24610768345342843,0.19366277133376708
1642606734.75,107.10086477810479,34.257523374808336,-2.1029880871294013,0.24668591116426325,0.18912535519988663
1642606735.457,106.81682844791091,33.76634457223471,-2.104812992401423,0.24639229064292192,0.18569299178496182
1642606736.163,106.5394605404559,33.28438221435217,-2.106222579003111,0.24425798447216826,0.18616825497454348
1642606736.869,106.25356213897922,32.79105179090886,-2.1075208076803276,0.24362921651481087,0.18477949511444264
1642606737.575,105.97197568653571,32.30363014022581,-2.1089654418505464,0.2419977403973581,0.18498337683436283
1642606738.281,105.68032689165781,31.809087985748477,-2.082748471844538,0.23583537332096538,0.1860560343643033
1642606738.886,105.46780156291794,31.36925505901084,-2.0679365198503934,0.2311242824797405,0.1886144165372821
1642606739.592,105.19948443846462,30.86961518469851,-2.069059819674085,0.23143320163158654,0.18965308678375897
1642606740.298,104.93005756255391,30.38288929803222,-2.0819448618407543,0.23243701434151484,0.18650790268380704
1642606741.004,104.66424945899911,29.896703848114925,-2.0839258223132493,0.23142126815047318,0.18683955751183165
1642606741.71,104.44560120329602,29.376342573217695,-1.9791091130000138,0.20842504256614897,0.20820178640360867
1642606742.416,104.22887697149797,28.848064200165094,-1.9791601719660983,0.20657840065819655,0.20866251067916888
1642606743.122,104.00655587505102,28.376696852421848,-2.009712811882751,0.21094323895680617,0.20884480221031126
1642606743.727,103.7678348687323,27.941429980564436,-2.0943676998630445,0.22649714914811656,0.1782665954384998
1642606744.332,103.54354841169025,27.491460743741584,-2.1014673890782065,0.2257199059033547,0.15457556328260855
1642606745.139,103.22651451770587,26.97877959183497,-2.0944360835648985,0.22355712108911066,0.1888799401793892
1642606745.845,102.9814744927506,26.499003590961458,-2.060855976713251,0.21476970573121565,0.20196355857471757
1642606746.45,102.73995203924888,26.018483515825654,-2.0575194079731514,0.21562720788610704,0.20909681543852648
1642606747.156,102.47931483374238,25.527794283368554,-2.059987299008431,0.21502330292001423,0.2135928368384886
1642606747.862,102.24961133462135,25.01080647765891,-2.021080401328998,0.20581361251853322,0.21562165761966307
1642606748.467,102.03684415414529,24.565463592584923,-2.0245305504270723,0.2051536645936689,0.21221719324942753
1642606749.173,101.78611147756169,24.03654347543947,-2.0272698807621077,0.20420569849657252,0.21525184358264926
1642606749.879,101.5455860456836,23.530411328871235,-2.0291131997318455,0.20254709655695807,0.21567697709252792
1642606750.485,101.3247448406997,23.07504987640828,-2.029357804381965,0.20128045014496063,0.21451409480705813
1642606751.191,101.07092765323632,22.55635444160208,-2.032196229558924,0.20076887171855073,0.21129339698012467
1642606751.897,100.82609562074273,22.05152076318401,-2.03587708945825,0.19931355195517322,0.20564049529630576
1642606752.603,100.57190672325534,21.54113196949891,-2.036537107186159,0.1976033741597126,0.21023383325552497
1642606753.309,100.33442546503119,21.042921510563893,-2.0381771353310416,0.196634837147238,0.21036129400306733
1642606753.914,100.10713972823613,20.593007866831762,-2.0384458428914463,0.19492554356853597,0.2085633561794115
1642606754.62,99.86030589206031,20.091766821961354,-2.041504414803575,0.19530082917423702,0.20171789506297425
1642606755.326,99.60780842794078,19.583609760681565,-2.0452432979579425,0.1947464395129064,0.19578352861225654
1642606756.032,99.3505382748914,19.078911016101777,-2.0463817585384483,0.19221347498465025,0.19554232432040558
1642606756.738,99.0955365343388,18.57149085036121,-2.0479407823544022,0.19056218417620388,0.1965132375418725
1642606757.444,98.8482896036964,18.07323704831475,-2.0494035273011773,0.18839623783968726,0.19454779632545216
1642606758.049,98.61375717875585,17.621160178542542,-2.052110764431187,0.18774161111721954,0.1860889934401228
1642606758.654,98.38634510517859,17.168086511514385,-2.0539572210529804,0.18758789322566646,0.18961013701007848
1642606759.36,98.13483618800976,16.671903177728403,-2.055577119441219,0.1866206329584996,0.18524326281963505
1642606760.167,97.8343054028572,16.088336794145533,-2.0570867651491938,0.1839971788973074,0.18562737106641308
1642606760.873,97.57236378701595,15.583420154790314,-2.0580690234431036,0.18111004257731328,0.18386917623457025
1642606761.579,97.30596828179443,15.069433165789592,-2.0612901738686795,0.18047929754325398,0.17959688426836967
1642606762.285,97.04656472819109,14.571012870858684,-2.063638395117934,0.17921435850378206,0.17596431357124215
1642606762.89,96.80151834279143,14.109176930088926,-2.0636226994337865,0.17842757991440703,0.17619195541570812
1642606763.496,96.5720720428003,13.66348799569133,-2.065057672806095,0.17722082334556322,0.17615720917909766
1642606764.202,96.31004534767648,13.16465882776797,-2.0666186175979435,0.1764930767487646,0.17527730492041868
1642606764.807,96.0778087177604,12.728978545834101,-2.0690680501836316,0.17531577688214087,0.17173705249097618
1642606765.513,95.81656088863456,12.233953350405322,-2.071521828441787,0.17218837775373388,0.17176850605654165
1642606766.219,95.5518528866705,11.73540480336568,-2.0728662961111084,0.16993630075025687,0.16984177874244352
1642606766.925,95.28143922577031,11.24268624915286,-2.088212277111883,0.16954566579975866,0.16646937430471187
1642606767.53,95.02923162184291,10.791345417968122,-2.090620092226615,0.1746530760642077,0.15940282427080235
1642606768.236,94.76495991171299,10.308049399697161,-2.092151064946903,0.1752180633599078,0.15860422505173882
1642606768.942,94.49014007603448,9.81165266391431,-2.092452538007353,0.17379323079337064,0.15475816594760441
1642606769.648,94.21453136804432,9.324271299987927,-2.094896416591847,0.17191388133893126,0.1542579813878852
1642606770.253,93.95962115240287,8.85786647998916,-2.0992998757451544,0.16970615429077918,0.1612188739137167
1642606770.959,93.67529995718189,8.387613340878207,-2.111471009983879,0.16873832118099175,0.16660282150543204
1642606771.665,93.39809408682379,7.917466635153657,-2.1152166170141604,0.16502603905575047,0.16783453723484784
1642606772.27,93.13572733137502,7.478680759898544,-2.1155642124684735,0.16413515874961823,0.1657742497700185
1642606772.976,92.85008618661816,6.998200194376015,-2.116977416329868,0.1612487308211999,0.16814133193824887
1642606773.582,92.59644426072882,6.566511694488285,-2.1189077881416094,0.16012899382580903,0.16279404224825636
1642606774.187,92.32611901533328,6.111034691530929,-2.120519047666536,0.1594408727302833,0.15971852820803034
1642606774.792,92.07226712109173,5.681219919269162,-2.1216213487733384,0.16003306524555516,0.15387714539168706
1642606775.498,91.77873372298029,5.195847257633075,-2.1229502295564138,0.1575720493526215,0.14897867929148229
1642606776.204,91.49320716163813,4.723137386032236,-2.125289171027535,0.15785644067103777,0.14562499954618735
1642606776.91,91.19922441351882,4.234118009988246,-2.131050889347586,0.15573204756917988,0.14550316465103139
1642606777.616,90.90190550864045,3.749523306892616,-2.1318249277020236,0.1561028805648635,0.14563962570484748
1642606778.322,90.60390387470707,3.2598504784397226,-2.132210932272784,0.15642353693955047,0.1409984829171604
1642606779.028,90.31594961292713,2.7854463700773264,-2.132078201207656,0.1661764620171215,0.14555474352154887
1642606779.734,90.0210411871801,2.2997316045429494,-2.132842357047251,0.15856887210486564,0.15098702151440177
1642606780.339,89.75823916445393,1.8774511466868913,-2.1357569382348736,0.15992409217662806,0.14911907172492875
1642606781.045,89.4594997948016,1.3959977341791396,-2.1375388419279986,0.15364949569903502,0.1497391899497571
1642606781.751,89.16828389803355,0.9191141586329312,-2.138798745307178,0.14988130405474548,0.14993967690046656
1642606782.356,88.8865361669651,0.5057513490664863,-2.183526881385684,0.15734409910186245,0.13846324947839478
1642606783.062,88.54800430416901,0.051006319285365365,-2.212453632382236,0.1569202964227601,0.1318376305943335
1642606783.768,88.21255623366827,-0.40736527073956075,-2.2185130509194435,0.15290038619240678,0.12985004086628285
1642606784.374,87.90753075252553,-0.8051152502499574,-2.233732217843103,0.15334181583508194,0.12792772988860024
1642606784.979,87.59458543832898,-1.2006751894594894,-2.258390558361041,0.1441149621333365,0.12515036590734813
1642606785.584,87.26117930667908,-1.5790116871304494,-2.31187079448309,0.135536342950304,0.11279317400972617
1642606786.29,86.83470099481474,-1.953721776932647,-2.419420294122014,0.1396565302308308,0.08602235881764314
1642606787.097,86.28808226547618,-2.319679937418565,-2.55058636698018,0.14340815067199647,0.069036155063277
1642606787.803,85.82391183130123,-2.6162836562841236,-2.597527474944871,0.1440576958522976,0.063339146214238
1642606788.509,85.34436337955742,-2.9151511812774022,-2.5976613601409824,0.1375311686504306,0.06432088553641482
1642606789.114,84.9086589332691,-3.167625801827249,-2.605897878122779,0.12671018536435372,0.05666868344025834
1642606789.82,84.42605842031543,-3.4418601609921176,-2.6360324214266666,0.07682737538308564,0.039282702979951394
1642606790.526,83.91223710772566,-3.6790244641685663,-2.722066418701337,0.09640531790430933,0.03411569910536209
1642606791.232,83.39114089451613,-3.859208668929825,-2.815482920622795,0.1000372588556289,0.009656573670999688
1642606791.938,82.83945621031849,-4.008972637578377,-2.873547853592107,0.09674715969794398,-0.0009259531528434232
1642606792.644,82.30303530083314,-4.165855549451753,-2.8732358506635722,0.09165578593413942,-0.00048079465577071013
1642606793.35,81.76387348468053,-4.3230025340236775,-2.8738563331009863,0.08635776579148109,-0.002458214611547057
1642606794.056,81.2122098077894,-4.472426734494149,-2.895681798571234,0.08099215377024772,-0.009001476892177344
1642606794.762,80.66236912916268,-4.603783814550945,-2.931579821780214,0.07391605708995108,-0.011069321458182242
1642606795.468,80.104098663099,-4.702085853421611,-2.9835954148944763,0.0774722575450503,-0.023171286337281546
1642606796.174,79.54318910820017,-4.752817794386029,-3.045068966749878,0.0788882920257722,-0.04184575919681689
1642606796.88,78.98441205554009,-4.780855028309946,-3.1061218172299934,0.10059806439028708,-0.04749323238543582
1642606797.485,78.48023272337137,-4.784832675382523,-3.1210767129278394,0.08221614210397941,-0.057890743835629865
1642606798.191,77.90760459608543,-4.812244741907925,-3.120666971921704,0.08108721663533416,-0.056867999669101166
1642606798.897,77.34917801547938,-4.8344891888384645,-3.120613248206569,0.0725858516077021,-0.05905992007088126
1642606799.604,76.7739471990483,-4.859008988667405,-3.1201727624147337,0.07132412082007782,-0.059136397295167564
1642606800.31,76.20516432416672,-4.877157968506686,-3.1199811117090634,0.07300750352003879,-0.059393531311648255
1642606801.016,75.6319269604553,-4.897304145018583,-3.1190899485491324,0.08064711799637071,-0.06137601537842643
1642606801.722,75.07241238621033,-4.911821378883851,-3.1195372615851142,0.07623710930933472,-0.05801099562721495
1642606802.428,74.5077158395367,-4.929738820673706,-3.1199994945175047,0.06975959736317466,-0.05378324656603
1642606803.134,73.95640742142997,-4.936802365942305,-3.1265041458896508,0.0556324952739886,-0.05000905123179968
1642606803.84,73.38552585970136,-4.939005653447177,3.1286103754540666,0.04336512411191065,-0.05125460651171035
1642606804.546,72.81803595956566,-4.921229400916013,3.096921854676787,0.05714388347746018,-0.054616459369627925
1642606805.252,72.26148457178552,-4.903979078505664,3.0947916455894564,0.05138179899648663,-0.05458560133320873
1642606805.958,71.69201857845215,-4.8900881612611204,3.092794481511613,0.08302424509449714,-0.05349155795557141
1642606806.664,71.11362919367583,-4.866246326393043,3.088309328319024,0.12425467243310333,-0.0653149641295078
1642606807.37,70.55682674229968,-4.843482509252563,3.0860217571984188,0.14952343559003808,-0.06505823831335757
1642606808.076,69.98943747826502,-4.81984491908389,3.0830279011745776,0.185135443878209,-0.06478532718864426
1642606808.782,69.42779150871907,-4.801743240236101,3.0833466272648336,0.18728583685586186,-0.06660394519893492
1642606809.488,68.86827504057683,-4.779115181563404,3.0820171679179613,0.1838372225529141,-0.06739698299784785
1642606810.194,68.30246551954707,-4.756701520141243,3.0817534093849215,0.1851510400413747,-0.0677373335157184
1642606810.799,67.80911030475352,-4.728958358905716,3.0774038906261323,0.1812590084059641,-0.0693211741882559
1642606811.505,67.26467536540721,-4.690111066264655,3.056066951427608,0.17770069535711375,-0.07457769022055591
1642606812.211,66.69840698906843,-4.651434709409642,3.055864636054014,0.1712646446065234,-0.07521447474225465
1642606812.816,66.20481127190894,-4.613693763864345,3.057409444797377,0.16939921749984427,-0.07281789307742786
1642606813.522,65.63485442451183,-4.579839629802701,3.057684089200272,0.16849927879226517,-0.07239390920375763
1642606814.228,65.05588453024806,-4.528743919244423,3.059994203069967,0.1439636725339685,-0.08266163245274713
1642606815.035,64.41222786949197,-4.492360737256084,3.0594386047867888,0.13784726581321033,-0.0782186863879406
1642606815.741,63.85431210139676,-4.4570812979372905,3.0593991419207067,0.13511425158059073,-0.07713934004755471
1642606816.447,63.272920067068334,-4.415506576086923,3.0471332056787723,0.1321503270723007,-0.07925924765108001
1642606817.153,62.72617878022484,-4.37657063347181,3.046440474668891,0.1289137970087531,-0.07712853941611537
1642606817.859,62.168977327038625,-4.33687808721412,3.0465490726284226,0.12840075952878577,-0.07343156426224928
1642606818.565,61.606762726649684,-4.292429363761727,3.0464663668960674,0.1277705427752299,-0.07380789386515639
1642606819.271,61.04065567147293,-4.256204576002373,3.0453502935747556,0.12035422643856877,-0.059013199497553966
1642606819.977,60.481432476106754,-4.210702485614424,3.0442249923213556,0.12013186536627632,-0.052665125345742456
1642606820.683,59.92031525851182,-4.161915839877992,3.04523330481218,0.11617998298344574,-0.04265819149749709
1642606821.389,59.34212217286118,-4.121891004760167,3.0443684696808706,0.11192447744563738,-0.036851313150369464
1642606822.095,58.79406603007743,-4.0780405144515885,3.0441732696789687,0.10985668544034506,-0.033351422831469024
1642606822.801,58.220870513179,-4.0364935332234495,3.0429067803431034,0.10764854101722768,-0.028486425862416506
1642606823.507,57.66074325447091,-3.9866432595680426,3.043454262558656,0.10798103744600596,-0.0285854852919136
1642606824.213,57.07017650807384,-3.9305931483848413,3.0427545455344585,0.10669478815303439,-0.027528754450008224
1642606824.919,56.54376360015865,-3.899611813358849,3.042282810227985,0.10414114534872361,-0.024995688522985858
1642606825.928,55.739496607251525,-3.8327383197388487,3.040985977015878,0.10232718037490734,-0.024618343994395532
1642606826.634,55.175188194725855,-3.7832437258922686,3.0399882657875383,0.09954671924986859,-0.021387562673115115
1642606827.34,54.597221587786564,-3.731468450680044,3.039413305980254,0.10037011371206034,-0.021547601060010912
1642606827.945,54.09044332470232,-3.6778800421440354,3.0381181219133153,0.10738783830189329,-0.02708820822033082
1642606828.651,53.57241183688366,-3.637393145062499,3.0362027416162043,0.13656763255288779,-0.026591538092907322
1642606829.357,53.04891884540071,-3.6029688024382565,3.0348596556965206,0.13482370310601605,-0.026918816024615516
1642606830.063,52.44234957677091,-3.525800382084598,3.0344460056913958,0.13490918458846313,-0.024907885415433793
1642606830.87,51.78945099944865,-3.4621283007256047,3.0347390769354763,0.127949885029495,-0.01367785510258124
1642606831.576,51.21435405648556,-3.4003648012149044,3.034045616750927,0.1348926074644796,-0.02346477726258069
1642606832.282,50.669523793672454,-3.346960328984234,3.043765464635601,0.13201554287788864,-0.02147935220263874
1642606832.988,50.077374400718774,-3.3098745719092917,3.051610302701397,0.13004188887364304,-0.02011683821913381
1642606833.593,49.5783166394441,-3.274117513399809,3.076358908024464,0.13145184334707574,-0.016086024225232094
1642606834.299,49.04304275630044,-3.2673558622740253,3.0827481491486566,0.12892376148727727,-0.016604546724799697
1642606834.904,48.55049794295676,-3.4110694005409377,-2.9376019791915056,0.12744073496846736,0.01720476605886321
1642606835.711,48.00267905646277,-3.708833089406811,-2.7765424171510573,0.12299989260620146,0.03684817890095859
1642606836.417,47.4804979303093,-3.9399927987870353,-2.775297516356083,0.11994071339319974,0.036052490367408915
1642606837.123,46.97702774484065,-4.136481779387119,-2.7768239249309348,0.10969399976842846,0.038021365305100814
1642606838.031,46.27236688126095,-4.362924584369064,-2.7724401702750088,0.10972141655214496,0.0428265429734833
1642606838.636,45.80427594135098,-4.576480368225414,-2.772756395244238,0.11639484408248067,0.03999906200295871
1642606839.342,45.301824585038396,-4.828071111859448,-2.7194353820972204,0.11155611202311148,0.045563758811616686
1642606840.048,44.79701036962134,-5.095172398112589,-2.6946422534719403,0.11098721334600457,0.04746668648023138
1642606840.754,44.278721377535526,-5.337069719871249,-2.692899841087716,0.10886715043094569,0.04746374982982008
1642606841.662,43.62633108072472,-5.6836084376816185,-2.692892498188476,0.10741117542137082,0.04674175028245178
1642606842.368,43.1042959853159,-5.951616270219616,-2.6616055778911702,0.10601015548301873,0.04952034501479008
1642606843.074,42.625359590156684,-6.268428968293647,-2.622597256948463,0.1068470273194562,0.050991322699913286
1642606843.78,42.157217153638484,-6.549999892114616,-2.582654818184277,0.11956390181799305,0.055025642679551984
1642606844.486,41.66872321339178,-6.86777738054273,-2.548595782839998,0.11128615313471316,0.063259062714697
1642606845.394,41.083131521705084,-7.29400953242063,-2.548439673428305,0.1016393401773922,0.06221047829718158
1642606846.1,40.61575138820173,-7.624176702391536,-2.5430485908932137,0.10330375005142202,0.06456760018015373
1642606846.907,40.0617259989123,-8.007231545264505,-2.5587004939714904,0.10716731546320649,0.060635943269577504
1642606847.613,39.60146232065759,-8.289616708789664,-2.5623105244937645,0.14102780338081683,0.04164598503669018
1642606848.319,39.11586870916835,-8.659530890432828,-2.559943877614717,0.11283763405339325,0.05931502305133243
1642606849.025,38.66125227388326,-8.949889227424555,-2.5647622994566275,0.06730353773597197,0.0760938774576216
1642606849.63,38.24508515601625,-9.269855551500767,-2.5557903798471213,0.10394990578890317,0.09386240982103643
1642606850.336,37.72112148487393,-9.512387015010452,-2.552623125927868,0.11005117645247918,0.066665891680366
1642606851.042,37.297540931748244,-9.85259213541927,-2.556934059302145,0.10758201809367895,0.06580519777868901
1642606851.849,36.771048407076904,-10.276420820265932,-2.498910958868536,0.10428696446690175,0.06939446638540601
1642606852.555,36.28312752651446,-10.554350637420669,-2.4945949531631784,0.09940410734685332,0.07729198925818971
1642606853.16,35.90567170666077,-10.876157886656104,-2.495097307127764,0.10065170533573814,0.07541243627198632
1642606853.967,35.407198451301795,-11.280370275860093,-2.513832618777597,0.10161818024930112,0.07179819689980074
1642606854.572,34.995944806679965,-11.5763268097273,-2.5147435905947426,0.10257642944100957,0.07229053945412255
1642606855.48,34.395443522398374,-12.013359866047782,-2.513509956576781,0.10290651046646755,0.07363469484758448
1642606856.186,33.93729111684477,-12.32810640431544,-2.5153085202000405,0.09871127325971024,0.07660077939247767
1642606857.094,33.332251224886825,-12.786244716454611,-2.5301650651693453,0.10820644275120406,0.07584420195363253
1642606857.8,32.90180220413041,-13.134889998522889,-2.5075719833035834,0.1093660953848711,0.07934424898835682
1642606858.405,32.48747830619852,-13.43668789735966,-2.499841565991897,0.11190661392345319,0.08024903438839674
1642606859.111,32.05604263266298,-13.789230671143105,-2.483417037094358,0.11839396195456825,0.08403694016607417
1642606859.716,31.65504776130494,-14.122833939276033,-2.4820919179664847,0.11397416083923051,0.08364407447671997
1642606860.321,31.30382077093667,-14.46915182245155,-2.4158250405120416,0.10792731219283501,0.09093226206541832
1642606861.027,30.896889676887763,-14.866985067143998,-2.413526428564537,0.1097570723066997,0.08317703180348245
1642606861.935,30.37273401461194,-15.336640930082764,-2.415473600037673,0.09820154826562948,0.08667896450779647
1642606862.54,29.957801686677755,-15.658793637746552,-2.411184118292367,0.11604918385343067,0.0802952469167178
1642606863.246,29.55979478267098,-16.034646907605563,-2.4102256753900546,0.09727898031744271,0.09219176072736268
1642606863.952,29.164489468064623,-16.44703015145012,-2.4118751962752345,0.11385802065155372,0.1108544572830915
1642606864.658,28.73820274657874,-16.810665991669765,-2.4310514243186305,0.1063024187508362,0.08092836232415489
1642606865.263,28.348218209709035,-17.130593253488726,-2.477239210334144,0.13203377763328994,0.07142338283540245
1642606865.969,27.887214429515115,-17.436421920494904,-2.508312982264139,0.12344573419394818,0.07145183005752151
1642606866.575,27.4846956980764,-17.724253682763862,-2.5378696112421593,0.1635463724364519,0.06872150805010667
1642606867.381,26.93777152132888,-18.060538060162045,-2.670630997137891,0.1550739122237327,0.07129249563756776
1642606867.987,26.448800017611344,-18.22184982310213,-2.7829407263056805,0.17064732500328195,0.04917640583406701
1642606868.793,25.83686624208406,-18.41980436014476,-2.8226065355064645,0.17707935393063154,0.04305971699969853
1642606869.399,25.369820725377927,-18.580100299790104,-2.8204176093494167,0.18199018585998172,0.043112964567194254
1642606870.105,24.844979436587657,-18.727909719383153,-2.821511535259882,0.17972878407080015,0.049953936202787715
1642606870.811,24.314818082911486,-18.958840001937535,-2.816881337398511,0.18683158283449766,0.07134708095515647
1642606871.517,23.765688490408614,-19.135098526447937,-2.816104218371925,0.19600839194379177,0.06972852313473091
1642606872.223,23.236872094279803,-19.322446996477325,-2.815991254352777,0.19096861657098574,0.07000109459125271
1642606873.13,22.555617728603664,-19.563744549086156,-2.816066616584037,0.191114734103278,0.06982366747190183
1642606873.836,22.027181244155727,-19.745233775918738,-2.8164410631546097,0.18591023374787974,0.06970113524669795
1642606874.542,21.494200320842364,-19.956012582603055,-2.8318329650804124,0.1863094293807058,0.06404531863353045
1642606875.249,20.93884097604948,-20.065802630722427,-2.8649486298178926,0.18551953242748043,0.027555500505667657
1642606875.854,20.44057588667148,-20.1938090751118,-2.8660167585299625,0.18941265549699304,0.030227094126516883
1642606876.56,19.904395911164105,-20.352107163342747,-2.8656339686088996,0.18387783043490077,0.030532695687611355
1642606877.266,19.358881154134703,-20.505383765764527,-2.8634996307037173,0.18296349191583053,0.03288028247526867
1642606877.871,18.890207999698593,-20.674063079675637,-2.8733044805021994,0.187083035041211,0.028432546586782598
1642606878.879,18.085859369067602,-20.75553045849383,-2.9818234243997566,0.1906488787042496,0.019537539198703366
1642606879.585,17.538091685251427,-20.879300305305286,-2.9800105667111585,0.20981944018381288,0.031886948564183816
1642606880.191,17.048372579843072,-20.948669914223963,-2.9787775378353225,0.20666460852169516,0.03302144394887167
1642606880.897,16.481708452322906,-21.052883472351,-2.9871721980222885,0.1977192046174282,0.028307122641004007
1642606881.603,15.910353690209721,-21.082719817360005,-3.0504563037290704,0.20684891419978713,0.019795217417330122
1642606882.208,15.416048244183987,-21.197725230280067,-3.088178946899291,0.21198221126749986,0.012687113259625222
1642606882.914,14.877167858628264,-21.12745389989009,-3.094909110178136,0.20287513778356844,0.00871841263397734
1642606883.721,14.234870540829696,-21.17467388537041,-3.1261768234944567,0.2035360514186888,-0.00209462449455452
1642606884.427,13.678351007163283,-21.06970783284216,2.987772801823294,0.19996740949827482,-0.03545759424697336
1642606885.032,13.189127169105014,-20.977264884579732,2.987029121056349,0.19957359307603487,-0.03396426965475833
1642606885.738,12.632314954339618,-20.879290020851453,2.9841547195336293,0.20404374241067316,-0.0316841540772961
1642606886.444,12.087641835379557,-20.78795136319104,2.9890644259442283,0.20997704079554774,-0.024939877102631017
1642606887.15,11.62012985308824,-20.589243335389277,2.70894699552942,0.21411037944623101,-0.08527057877294443
1642606887.755,11.179052362189019,-20.318428046104863,2.6238267215698152,0.19980571350872584,-0.09830650708807237
1642606888.461,10.73973095122483,-20.00316252949129,2.5567287036222726,0.18167358652176857,-0.1037313027615469
1642606889.268,10.238433837513554,-19.574620586905034,2.416861372002397,0.1661282092227699,-0.12895292985463908
1642606889.873,9.874097835701596,-19.178544294443462,2.33902335838946,0.15842915426074597,-0.13632232366582658
1642606890.579,9.560278423568336,-18.750267650328112,2.1997190397571376,0.12916284647436005,-0.16029353251984968
1642606891.285,9.28600462703278,-18.257370459854442,2.105977692259042,0.10974890646220455,-0.17136453663664078
1642606891.991,9.087363318795788,-17.709718135203882,1.9857910544566404,0.0922673270911421,-0.1817489408849896
1642606892.596,8.920353709760782,-17.208398883452315,1.9850172064937357,0.09457097501318573,-0.1808405246075586
1642606893.302,8.741130734647307,-16.66668900740726,1.9392984961477817,0.08456728368150467,-0.18408323079187813
1642606894.008,8.536298918974083,-16.16466845657593,1.9145549061130254,0.07612638393544593,-0.18451047263758671
1642606895.017,8.307213553217172,-15.364455029364228,1.8441865017013859,0.06170325987663687,-0.19645653378324548
1642606895.622,8.207987711655345,-14.856857657713817,1.7978660969397477,0.0533941252970033,-0.21094580176297562
1642606896.328,8.078799877238632,-14.314118775784827,1.803501436976803,0.048605226068357134,-0.2048085323061849
1642606897.034,7.9474654480847375,-13.76972748415437,1.7918283372999955,0.06130442134876371,-0.22756468873280028
1642606897.74,7.821958683776309,-13.231406339378696,1.775445209830539,0.0498639793886812,-0.22879532981383816
1642606898.446,7.695438616455505,-12.647033256684205,1.7751517514972912,0.03609546378523973,-0.21368764617624855
1642606899.051,7.620680310509996,-12.139003109302347,1.7749156848358452,0.05035847743416687,-0.22403543026572387
1642606900.06,7.438371276364542,-11.358463127288442,1.7614432586858613,0.08276600001258562,-0.2180645313185846
1642606900.766,7.320352483440403,-10.793907996107249,1.7651972755267975,0.07523895745074391,-0.2128839457249948
1642606901.472,7.222846898021998,-10.223512968479936,1.772668242960651,0.06262798107356074,-0.20530400604884735
1642606902.178,7.086254896489394,-9.65195398170565,1.7701339767230662,0.06190928917103111,-0.20653829071894458
1642606902.783,6.973159723467144,-9.156623087395639,1.769004975335213,0.06624797633916624,-0.20986479815033546
1642606903.489,6.812403659315704,-8.653452737854096,1.918993910885118,0.09417279222944933,-0.19721276424807202
1642606904.094,6.486741532827907,-8.241280894915432,2.136552131433531,0.1365314906760925,-0.17239383460010552
1642606905.204,5.809071114953235,-7.568422610404836,2.3367274574014747,0.1531394940610262,-0.14704324145582337
1642606905.809,5.418702559768603,-7.225270032368578,2.4101927907475393,0.1638131353290343,-0.13585870936122887
1642606906.515,4.946215496839515,-7.006341452491844,2.6714007825776402,0.20016546983645778,-0.1188835111169104
1642606907.12,4.445263379890823,-6.787369458621171,2.6904620655060683,0.18586298472939383,-0.08487995067775736
1642606907.826,3.9575046008285013,-6.622809056024528,2.801958657645455,0.19413664336696737,-0.05796429746861463
1642606908.532,3.407751635095569,-6.461141623480297,2.8329039751177647,0.18285623927604733,-0.05837868064089249
1642606909.238,2.8705807071402583,-6.305390107717062,2.837210176480322,0.1753402280972653,-0.06486937520465426
1642606909.944,2.3485976979182923,-6.132312269295459,2.8300784660701614,0.17590976428366428,-0.05862046259437894
1642606910.852,1.7422476905416335,-5.756330185909021,2.54801088756606,0.14966173064608018,-0.09957974956469028
1642606911.558,1.4341047944925578,-5.33834460300086,2.2297914808786388,0.08349079870809298,-0.11197590290975945
1642606912.264,1.2676039522370959,-4.778016569454608,1.869572900493034,0.01812552060658471,-0.11607423058514432
1642606913.172,1.3629522754341188,-4.045003960785518,1.4064925532094186,0.005020597071719581,-0.1252917381182124
1642606913.777,1.6352545181435045,-3.5475292835228447,1.1150601315982187,0.0017430177240771044,-0.15637870304643875
1642606914.382,1.9948911329481154,-3.162376599162036,0.8491849890058439,-0.054228395960108956,-0.14279550901043042
1642606914.887,2.419855665867288,-2.90830339024121,0.625320462132875,-0.08513787486696366,-0.12067578884865512
1642606916.299,3.5992105872162043,-2.6320612769713043,0.1643251961430177,-0.13901894069542947,-0.08411184407743032
1642606917.005,4.088189601898193,-2.5368945598602295,0.07349418260637618,-0.1841166763040774,-0.06121648702795495
